Workbook

Sheet Dashboard
A1: AMAZON LISTING AUDIT DASHBOARD
A2: PRODUCT INFORMATION
A3: Product Name:
A4: ASIN:
A5: Category:
A6: Brand:
A7: Price:
A8: Audit Date:
A9: Auditor:
A12: OVERALL LISTING SCORE
A13: Category | B13: Score (0-100) | C13: Weight | D13: Weighted Score | E13: Status
A14: Image Quality | B14: ='Images'!N20 | C14: 0.15 | D14: =B14*C14 | E14: =IF(B14>=80,"Excellent",IF(B14>=60,"Needs Work","Critical"))
A15: Title Optimization | B15: ='Title'!N20 | C15: 0.15 | D15: =B15*C15 | E15: =IF(B15>=80,"Excellent",IF(B15>=60,"Needs Work","Critical"))
A16: Bullet Points | B16: ='Bullets'!N20 | C16: 0.15 | D16: =B16*C16 | E16: =IF(B16>=80,"Excellent",IF(B16>=60,"Needs Work","Critical"))
A17: Description / A+ | B17: ='Description'!N20 | C17: 0.1 | D17: =B17*C17 | E17: =IF(B17>=80,"Excellent",IF(B17>=60,"Needs Work","Critical"))
A18: Backend Terms | B18: ='Backend'!N20 | C18: 0.1 | D18: =B18*C18 | E18: =IF(B18>=80,"Excellent",IF(B18>=60,"Needs Work","Critical"))
A19: Pricing Position | B19: ='Pricing'!N20 | C19: 0.1 | D19: =B19*C19 | E19: =IF(B19>=80,"Excellent",IF(B19>=60,"Needs Work","Critical"))
A20: Reviews Health | B20: ='Reviews'!N20 | C20: 0.1 | D20: =B20*C20 | E20: =IF(B20>=80,"Excellent",IF(B20>=60,"Needs Work","Critical"))
A21: PPC Readiness | B21: ='PPC Ready'!N20 | C21: 0.15 | D21: =B21*C21 | E21: =IF(B21>=80,"Excellent",IF(B21>=60,"Needs Work","Critical"))
A22: OVERALL SCORE | B22: =SUM(D14:D21) | E22: =IF(B22>=80,"LISTING IS STRONG",IF(B22>=60,"LISTING NEEDS WORK","LISTING IS CRITICAL"))

Sheet Images
A1: IMAGE AUDIT CHECKLIST
A3: # | B3: Check Item | C3: Pass/Fail | D3: Score (0-1) | E3: Notes | F3: Priority | G3: Action Required | H3: Impact
A4: 1 | B4: Main image on pure white background (RGB 255,255,255) | F4: CRITICAL | H4: CTR
A5: 2 | B5: Main image shows ONLY the product (no props, text, logos) | F5: CRITICAL | H5: CTR
A6: 3 | B6: Main image fills 85%+ of frame | F6: HIGH | H6: CTR
A7: 4 | B7: Main image is high resolution (1000px+ on longest side) | F7: HIGH | H7: Quality
A8: 5 | B8: Secondary image: lifestyle/in-use shot | F8: HIGH | H8: CVR
A9: 6 | B9: Secondary image: dimensions/scale reference | F9: MEDIUM | H9: CVR
A10: 7 | B10: Secondary image: close-up/detail shot | F10: MEDIUM | H10: CVR
A11: 8 | B11: Secondary image: infographic with benefits | F11: MEDIUM | H11: CVR
A12: 9 | B12: Total image count: 7 images uploaded | F12: HIGH | H12: CVR
A13: 10 | B13: Images show product from multiple angles | F13: MEDIUM | H13: CVR
A14: 11 | B14: No text/watermarks on main image | F14: CRITICAL | H14: Compliance
A15: 12 | B15: Images are not blurry or pixelated | F15: HIGH | H15: Trust
... A18: 15 | B18: Video uploaded (if eligible) | F18: HIGH | H18: Engagement
B19: TOTAL SCORE | C19: =COUNTIF(C4:C18,"Pass")&"/"&COUNTA(C4:C18) | D19: =IF(COUNT(D4:D18)>0,AVERAGE(D4:D18),0)
B20: OVERALL IMAGE SCORE (0-100) | D20: =ROUND(D19*100,0) | N20: =D20

Sheet Title
A1: TITLE OPTIMIZATION AUDIT
A3: Current Title: | C3: (paste full title here)
A4: Title Length: | B4: =LEN(B3) | C4: characters (ideal: 150-200)
A5: Word Count: | B5: =IF(LEN(B3)>0,LEN(TRIM(B3))-LEN(SUBSTITUTE(B3," ",""))+1,0)
A7: # | B7: Check Item | C7: Pass/Fail | D7: Score (0-1) | E7: Notes | F7: Priority | G7: Action Required | H7: Impact
A8: 1 | B8: Title length 150-200 characters (optimal for search) | F8: CRITICAL | H8: Ranking
A9: 2 | B9: Primary keyword in first 80 characters | F9: CRITICAL | H9: Ranking
A10: 3 | B10: Brand name included | F10: HIGH | H10: Brand
A11: 4 | B11: Key product feature/benefit in title | F11: HIGH | H11: CTR
A12: 5 | B12: Size/quantity/color variants included (if applicable) | F12: MEDIUM | H12: CVR
A13: 6 | B13: Title is readable and not keyword-stuffed | F13: HIGH | H13: Trust
A14: 7 | B14: No special characters or ALL CAPS | F14: MEDIUM | H14: Compliance
A15: 8 | B15: Primary keyword appears naturally (not forced) | F15: HIGH | H15: Ranking
A16: 9 | B16: Title differentiates from competitors | F16: MEDIUM | H16: CTR
A17: 10 | B17: No promotional text (e.g., SALE, FREE SHIPPING) | F17: CRITICAL | H17: Compliance
B18: TOTAL SCORE | C18: =COUNTIF(C8:C17,"Pass")&"/"&COUNTA(C8:C17) | D18: =IF(COUNT(D8:D17)>0,AVERAGE(D8:D17),0)
B19: OVERALL TITLE SCORE (0-100) | D19: =ROUND(D18*100,0) | N19: =D19

Sheet Bullets
A1: BULLET POINTS AUDIT
A3: Number of Bullets: | C3: (should be 5)
A5: # | B5: Check Item | C5: Pass/Fail | D5: Score (0-1) | E5: Notes | F5: Priority | G5: Action Required | H5: Impact
A6: 1 | B6: 5 bullet points present (maximum allowed) | F6: CRITICAL | H6: CVR
A7: 2 | B7: Each bullet starts with CAPS or capitalized benefit | F7: HIGH | H7: Readability
A8: 3 | B8: Each bullet is under 200 characters | F8: MEDIUM | H8: Mobile
A9: 4 | B9: Primary keyword appears in bullet 1 or 2 | F9: HIGH | H9: Ranking
A10: 5 | B10: Secondary keywords distributed across bullets | F10: MEDIUM | H10: Ranking
A11: 6 | B11: Each bullet addresses a unique benefit/feature | F11: HIGH | H11: CVR
A12: 7 | B12: Bullets focus on BENEFITS, not just features | F12: HIGH | H12: CVR
A13: 8 | B13: Quantified benefits where possible (numbers, %) | F13: MEDIUM | H13: Trust
A14: 9 | B14: No promotional text in bullets | F14: CRITICAL | H14: Compliance
A15: 10 | B15: Bullets are scannable (short sentences, fragments OK) | F15: MEDIUM | H15: Readability
A16: 11 | B16: Addressed common objections/concerns in bullets | F16: MEDIUM | H16: CVR
A17: 12 | B17: Bullet 1 = most important benefit (hooks reader) | F17: HIGH | H17: CVR
B18: TOTAL SCORE | C18: =COUNTIF(C6:C17,"Pass")&"/"&COUNTA(C6:C17) | D18: =IF(COUNT(D6:D17)>0,AVERAGE(D6:D17),0)
B19: OVERALL BULLET SCORE (0-100) | D19: =ROUND(D18*100,0) | N19: =D19

Sheet Description
A1: DESCRIPTION & A+ CONTENT AUDIT
A3: # | B3: Check Item | C3: Pass/Fail | D3: Score (0-1) | E3: Notes | F3: Priority | G3: Action Required | H3: Impact
A4: 1 | B4: Product description is present (not empty) | F4: CRITICAL | H4: Ranking
A5: 2 | B5: Description is 1000+ characters | F5: MEDIUM | H5: Ranking
A6: 3 | B6: Description includes relevant keywords naturally | F6: HIGH | H6: Ranking
A7: 4 | B7: Description is formatted with HTML (bold, line breaks) | F7: MEDIUM | H7: Readability
A8: 5 | B8: A+ Content (Enhanced Brand Content) is live | F8: CRITICAL | H8: CVR
A9: 6 | B9: A+ Content includes comparison chart | F9: MEDIUM | H9: CVR
A10: 7 | B10: A+ Content includes lifestyle images | F10: HIGH | H10: CVR
A11: 8 | B11: A+ Content includes brand story module | F11: MEDIUM | H11: Brand
A12: 9 | B12: A+ Content highlights 5+ key benefits | F12: HIGH | H12: CVR
A13: 10 | B13: No spelling/grammar errors in description or A+ | F13: HIGH | H13: Trust
B14: TOTAL SCORE | C14: =COUNTIF(C4:C13,"Pass")&"/"&COUNTA(C4:C13) | D14: =IF(COUNT(D4:D13)>0,AVERAGE(D4:D13),0)
B15: OVERALL DESCRIPTION SCORE (0-100) | D15: =ROUND(D14*100,0) | N15: =D15

Sheet Backend
A1: BACKEND SEARCH TERMS AUDIT
A3: Backend Search Terms: | C3: (paste full backend terms here)
A4: Characters Used: | B4: =LEN(B3) | C4: bytes (max 249 bytes)
A5: Bytes Remaining: | B5: =249-B4
A7: # | B7: Check Item | C7: Pass/Fail | D7: Score (0-1) | E7: Notes | F7: Priority | G7: Action Required | H7: Impact
A8: 1 | B8: Backend search terms are filled (not empty) | F8: CRITICAL | H8: Ranking
A9: 2 | B9: Using all 249 bytes available | F9: HIGH | H9: Ranking
A10: 3 | B10: No repeated keywords already in title/bullets | F10: HIGH | H10: Efficiency
A11: 4 | B11: No brand names (yours or competitors) in backend | F11: MEDIUM | H11: Compliance
A12: 5 | B12: No ASINs in backend terms | F12: MEDIUM | H12: Compliance
A13: 6 | B13: Includes misspellings of common keywords | F13: MEDIUM | H13: Ranking
A14: 7 | B14: Includes Spanish/other language terms (if applicable) | F14: LOW | H14: Ranking
A15: 8 | B15: No special characters or punctuation | F15: HIGH | H15: Compliance
A16: 9 | B16: Keywords are space-separated (not comma-separated) | F16: HIGH | H16: Compliance
A17: 10 | B17: Includes synonyms and alternative terms | F17: MEDIUM | H17: Ranking
B18: TOTAL SCORE | C18: =COUNTIF(C8:C17,"Pass")&"/"&COUNTA(C8:C17) | D18: =IF(COUNT(D8:D17)>0,AVERAGE(D8:D17),0)
B19: OVERALL BACKEND SCORE (0-100) | D19: =ROUND(D18*100,0) | N19: =D19

Sheet Pricing
A1: PRICING & COMPETITIVE AUDIT
A3: Your Price: | C3: $
A4: Category Avg Price: | C4: $
A5: Price vs. Average: | B5: =IF(B4>0,((B3-B4)/B4)*100,) | C5: %
A7: # | B7: Check Item | C7: Pass/Fail | D7: Score (0-1) | E7: Notes | F7: Priority | G7: Action Required | H7: Impact
A8: 1 | B8: Price is competitive within +/-15% of category average | F8: CRITICAL | H8: CVR
A9: 2 | B9: Coupon/deal active (if applicable) | F9: HIGH | H9: CTR
A10: 3 | B10: Price ends in .99 or .97 (psychological pricing) | F10: LOW | H10: CVR
A11: 4 | B11: Subscribe & Save enabled (if eligible) | F11: MEDIUM | H11: Retention
A12: 5 | B12: Prime eligible (FBA or SFP) | F12: CRITICAL | H12: CVR
A13: 6 | B13: Price supports target ACoS for PPC | F13: HIGH | H13: PPC
A14: 7 | B14: Bundle/multi-pack option available | F14: MEDIUM | H14: AOV
A15: 8 | B15: Price positioning matches brand tier | F15: MEDIUM | H15: Brand
B16: TOTAL SCORE | C16: =COUNTIF(C8:C15,"Pass")&"/"&COUNTA(C8:C15) | D16: =IF(COUNT(D8:D15)>0,AVERAGE(D8:D15),0)
B17: OVERALL PRICING SCORE (0-100) | D17: =ROUND(D16*100,0) | N17: =D17

Sheet Reviews
A1: REVIEWS HEALTH AUDIT
A3: Total Reviews:
A4: Average Rating: | C4: out of 5.0
A5: Review Velocity: | C5: reviews/month
A7: # | B7: Check Item | C7: Pass/Fail | D7: Score (0-1) | E7: Notes | F7: Priority | G7: Action Required | H7: Impact
A8: 1 | B8: 15+ reviews (minimum for social proof) | F8: CRITICAL | H8: CVR
A9: 2 | B9: 4.0+ star average rating | F9: CRITICAL | H9: CVR
A10: 3 | B10: Review velocity: 5+ reviews/month | F10: HIGH | H10: Growth
A11: 4 | B11: Recent reviews (within last 30 days) | F11: HIGH | H11: Trust
A12: 5 | B12: No verified negative review patterns | F12: HIGH | H12: Trust
A13: 6 | B13: Customer photos/videos in reviews | F13: MEDIUM | H13: CVR
A14: 7 | B14: Seller responses to negative reviews | F14: MEDIUM | H14: Trust
A15: 8 | B15: Review highlights match key benefits | F15: MEDIUM | H15: Alignment
A16: 9 | B16: No review manipulation detected | F16: CRITICAL | H16: Compliance
A17: 10 | B17: Vine program enrolled (if new product) | F17: HIGH | H17: Launch
B18: TOTAL SCORE | C18: =COUNTIF(C8:C17,"Pass")&"/"&COUNTA(C8:C17) | D18: =IF(COUNT(D8:D17)>0,AVERAGE(D8:D17),0)
B19: OVERALL REVIEWS SCORE (0-100) | D19: =ROUND(D18*100,0) | N19: =D19

Sheet PPC Ready
A1: PPC READINESS AUDIT
A3: # | B3: Check Item | C3: Pass/Fail | D3: Score (0-1) | E3: Notes | F3: Priority | G3: Action Required | H3: Impact
A4: 1 | B4: Main image optimized for CTR (white bg, product fills frame) | F4: CRITICAL | H4: CTR
A5: 2 | B5: Title includes primary PPC keyword | F5: CRITICAL | H5: Quality Score
A6: 3 | B6: Listing converts at 10%+ CVR (or has strong social proof) | F6: HIGH | H6: ACoS
A7: 4 | B7: 15+ reviews with 4.0+ rating | F7: CRITICAL | H7: CVR
A8: 5 | B8: Competitive pricing (within +/-15% of category avg) | F8: HIGH | H8: CVR
A9: 6 | B9: Prime eligible (FBA or SFP) | F9: CRITICAL | H9: CVR
A10: 7 | B10: A+ Content live (increases CVR 5-10%) | F10: HIGH | H10: CVR
A11: 8 | B11: Backend search terms fully optimized | F11: MEDIUM | H11: Relevance
A12: 9 | B12: Product has inventory (30+ days supply) | F12: CRITICAL | H12: Sustainability
A13: 10 | B13: No active listing issues (suppressed, restricted) | F13: CRITICAL | H13: Visibility
A14: 11 | B14: Break-even ACoS calculated and documented | F14: HIGH | H14: Profitability
A15: 12 | B15: Category allows all ad types (SP, SB, SD) | F15: MEDIUM | H15: Flexibility
B16: TOTAL SCORE | C16: =COUNTIF(C4:C15,"Pass")&"/"&COUNTA(C4:C15) | D16: =IF(COUNT(D4:D15)>0,AVERAGE(D4:D15),0)
B17: OVERALL PPC SCORE (0-100) | D17: =ROUND(D16*100,0) | N17: =D17
